Code_Opale_Publi;IDBANK
TD_P31G_RU7_CH;1688667
TD_P31G_D3;1688668
TD_P31G_D7_CH;1688669
TD_P31G_DB3;1688670
TD_P31G_DB7_CH;1688671
TD_P31G_DI3;1688672
TD_P31G_DI7_CH;1688673
TD_P31G_DIM3;1688674
TD_P31G_DIM7_CH;1688675
TD_P31G_DS3;1688676
TD_P31G_DS7_CH;1688677
TD_P31G_DSM3;1688678
TD_P31G_DSM7_CH;1688679
TD_P31G_DSN3;1688680
TD_P31G_DSN7_CH;1688681
TD_P32G_MN3;1688682
TD_P32G_MN7_CH;1688683
TD_P32G_OQ3;1688684
TD_P32G_OQ7_CH;1688685
TD_P32G_RU3;1688686
TD_P32G_RU7_CH;1688687
TD_P32G_D3;1688688
TD_P32G_D7_CH;1688689
TD_P32G_DS3;1688690
TD_P32G_DS7_CH;1688691
TD_TEMP_DI7_CH;1688692
TD_TEMP_DIM3;1688693
TD_TEMP_DIM7_CH;1688694
TD_TEMP_DS3;1688695
TD_TEMP_DS7_CH;1688696
TD_TEMP_DSM3;1688697
TD_TEMP_DSM7_CH;1688698
TD_VHTS_AZ1;1688699
TD_VHTS_C11;1688700
TD_VHTS_C21;1688701
TD_VHTS_C31;1688702
TD_VHTS_C41;1688703
TD_VHTS_C51;1688704
TD_VHTS_DE1;1688705
TD_VHTS_FZ1;1688706
TD_VHTS_GZ1;1688707
TD_VHTS_HZ1;1688708
TD_VHTS_IZ1;1688709
TD_VHTS_JZ1;1688710
TD_VHTS_KZ1;1688711
TD_VHTS_LZ1;1688712
TD_VHTS_MN1;1688713
TD_VHTS_OQ1;1688714
TD_VHTS_RU1;1688715
TD_VHTS_D1;1688716
TC_D611Z_S14E3;1688717
TC_D611Z_S2E3;1688718
TC_D611Z_S2R3;1688719
TC_D612Z_S11R3;1688720
TC_D612Z_S12R3;1688721
TC_D612Z_S13R3;1688722
TC_D612Z_S14E3;1688723
TC_D613Z_S11R3;1688724
TC_D613Z_S12R3;1688725
TC_D613Z_S13R3;1688726
TC_D613Z_S14E3;1688727
TC_D613Z_S2E3;1688728
TC_D613Z_S2R3;1688729
TC_D621_S13E3;1688730
TC_D621_S14R3;1688731
TC_D621_S2E3;1688732
TC_D621_S2R3;1688733
TC_D622_S11E3;1688734
TC_D622_S12E3;1688735
TC_D622_S13E3;1688736
TC_D622_S14R3;1688737
TC_D622_S2R3;1688738
TC_D623_S13E3;1688739
TC_D623_S14R3;1688740
TD_D212_C23;1688741
TD_D212_C27_CH;1688742
TD_D212_C33;1688743
TD_D212_C37_CH;1688744
TD_D212_C43;1688745
TD_D212_C47_CH;1688746
TD_D212_C53;1688747
TD_D212_C57_CH;1688748
TD_D212_JZ3;1688749
TD_D212_JZ7_CH;1688750
TD_D212_D3;1688751
TD_D212_D7_CH;1688752
TD_D212_DB3;1688753
TD_D212_DB7_CH;1688754
TD_D212_DI3;1688755
TD_D212_DI7_CH;1688756
TD_D212_DIM3;1688757
TD_D212_DIM7_CH;1688758
TD_D212_DS3;1688759
TD_D212_DS7_CH;1688760
TD_D212_DSM3;1688761
TD_D212_DSM7_CH;1688762
TD_D212_S13R3;1688763
TD_D212_S2R3;1688764
TD_D214_AZ3;1688765
TD_D214_AZ7_CH;1688766
TD_P32G_DSM3;1688767
TD_P32G_DSM7_CH;1688768
TD_P32G_DSN3;1688769
TD_P32G_DSN7_CH;1688770
TD_P3M_AZ3;1688771
TD_P3M_AZ7_CH;1688772
TD_P3M_C13;1688773
TD_P3M_C17_CH;1688774
TD_P3M_C23;1688775
TD_P3M_C27_CH;1688776
TD_P3M_C33;1688777
TD_P3M_C37_CH;1688778
TD_P3M_C43;1688779
TD_P3M_C47_CH;1688780
TD_P3M_C53;1688781
TD_P3M_C57_CH;1688782
TD_P3M_DE3;1688783
TD_P3M_DE7_CH;1688784
TD_P3M_FZ3;1688785
TD_P3M_FZ7_CH;1688786
TD_P3M_GZ3;1688787
TD_P3M_GZ7_CH;1688788
TD_P3M_HZ3;1688789
TD_P3M_HZ7_CH;1688790
TD_P3M_IZ3;1688791
TD_VHTS_DI1;1688792
TD_VHTS_DIM1;1688793
TD_VHTS_DS1;1688794
TD_VHTS_DSM1;1688795
TD_VHTS_DSN1;1688796
TD_VHTS_SMNA1;1688797
TD_VHTT_AZ1;1688798
TD_VHTT_C11;1688799
TD_VHTT_C21;1688800
TD_VHTT_C31;1688801
TD_VHTT_C41;1688802
TD_VHTT_C51;1688803
TD_VHTT_DE1;1688804
TD_VHTT_FZ1;1688805
TD_VHTT_GZ1;1688806
TD_VHTT_HZ1;1688807
TD_VHTT_IZ1;1688808
TD_VHTT_JZ1;1688809
TD_VHTT_KZ1;1688810
TD_VHTT_LZ1;1688811
TD_VHTT_MN1;1688812
TD_VHTT_OQ1;1688813
TC_D623_S15E3;1688814
TC_D623_S2R3;1688815
TC_D71_S11E3;1688816
TC_D71_S12E3;1688817
TC_D71_S12R3;1688818
TC_D71_S13E3;1688819
TC_D71_S14E3;1688820
TC_D71_S15E3;1688821
TC_D71_S2E3;1688822
TC_D71_S2R3;1688823
TC_D72_S11R3;1688824
TC_D72_S12E3;1688825
TC_D72_S12R3;1688826
TC_D72_S13R3;1688827
TC_D72_S14R3;1688828
TC_D72_S15R3;1688829
TC_D72_S2E3;1688830
TC_D72_S2R3;1688831
TC_D73_S13E3;1688832
TC_D73_S13R3;1688833
TC_D74_S13E3;1688834
TC_D74_S13R3;1688835
TC_D74_S2E3;1688836
TC_D74_S2R3;1688837
TC_D75_S11E3;1688838
TC_D75_S11R3;1688839
TD_D214_C13;1688840
TD_D214_C17_CH;1688841
TD_D214_C23;1688842
TD_D214_C27_CH;1688843
TD_D214_C33;1688844
TD_D214_C37_CH;1688845
TD_D214_C43;1688846
TD_D214_C47_CH;1688847
TD_D214_C53;1688848
TD_D214_C57_CH;1688849
TD_D214_DE3;1688850
TD_D214_DE7_CH;1688851
TD_D214_FZ3;1688852
TD_D214_FZ7_CH;1688853
TD_D214_HZ3;1688854
TD_D214_HZ7_CH;1688855
TD_D214_IZ3;1688856
TD_D214_IZ7_CH;1688857
TD_D214_JZ3;1688858
TD_D214_JZ7_CH;1688859
TD_D214_KZ3;1688860
TD_D214_KZ7_CH;1688861
TD_D214_LZ3;1688862
TD_D214_LZ7_CH;1688863
TD_D214_MN3;1688864
TD_P3M_IZ7_CH;1688865
TD_P3M_JZ3;1688866
TD_P3M_JZ7_CH;1688867
TD_P3M_KZ3;1688868
TD_P3M_KZ7_CH;1688869
TD_P3M_LZ3;1688870
TD_P3M_LZ7_CH;1688871
TD_P3M_MN3;1688872
TD_P3M_MN7_CH;1688873
TD_P3M_OQ3;1688874
TD_P3M_OQ7_CH;1688875
TD_P3M_RU3;1688876
TD_P3M_RU7_CH;1688877
TD_P3M_D3;1688878
TD_P3M_D7_CH;1688879
TD_P3M_DB3;1688880
TD_P3M_DB7_CH;1688881
TD_P3M_DI3;1688882
TD_P3M_DI7_CH;1688883
TD_P3M_DIM3;1688884
TD_P3M_DIM7_CH;1688885
TD_P3M_DS3;1688886
TD_P3M_DS7_CH;1688887
TD_P3M_DSM3;1688888
TD_P3M_DSM7_CH;1688889
TD_VHTT_RU1;1688890
TD_VHTT_D1;1688891
TD_VHTT_DI1;1688892
TD_VHTT_DIM1;1688893
TD_VHTT_DS1;1688894
TD_VHTT_DSM1;1688895
TD_VHTT_DSN1;1688896
TD_VHTT_SMNA1;1688897
TC_D75_S12E3;1688898
TC_D75_S12R3;1688899
TC_D75_S13E3;1688900
TC_D75_S13R3;1688901
TC_D75_S14E3;1688902
TC_D75_S14R3;1688903
TC_D75_S15E3;1688904
TC_D75_S15R3;1688905
TC_D75_S2E3;1688906
TC_D75_S2R3;1688907
TC_D76_S13E3;1688908
TC_D76_S2R3;1688909
TC_D91P_S11R3;1688910
TC_D91P_S12R3;1688911
TC_D91R_S13R3;1688912
TC_D91P_S14R3;1688913
TC_D92R_S11R3;1688914
TC_D92R_S12R3;1688915
TC_D92P_S13R3;1688916
TC_D92R_S13R3;1688917
TC_D92R_S14R3;1688918
TC_D92R_S15R3;1688919
TC_D92P_S2R3;1688920
TC_D92R_S2R3;1688921
TC_D99P_S11R3;1688922
TC_D99R_S11R3;1688923
TD_D214_MN7_CH;1688924
TD_D214_RU3;1688925
TD_D214_RU7_CH;1688926
TD_D214_D3;1688927
TD_D214_D7_CH;1688928
TD_D214_DB3;1688929
TD_D214_DB7_CH;1688930
TD_D214_DI3;1688931
TD_D214_DI7_CH;1688932
TD_D214_DIM3;1688933
TD_D214_DIM7_CH;1688934
TD_D214_DS3;1688935
TD_D214_DS7_CH;1688936
TD_D214_DSM3;1688937
TD_D214_DSM7_CH;1688938
TD_D214_S13R3;1688939
TD_D214_S2R3;1688940
TD_D319_AZ1;1688941
TD_D319_AZ3;1688942
TD_D319_C11;1688943
TD_D319_C13;1688944
TD_D319_C41;1688945
TD_D319_C43;1688946
TD_D319_C51;1688947
TD_D319_C53;1688948
TD_D319_DE1;1688949
TD_D319_DE3;1688950
TD_P3M_DSN3;1688951
TD_P3M_DSN7_CH;1688952
TD_P3M_PCHTR3;1688953
TD_P3M_PCHTR7_CH;1688954
TD_P3P_OQ3;1688955
TD_P3P_OQ7_CH;1688956
TD_P3P_RU3;1688957
TD_P3P_RU7_CH;1688958
TD_P3P_D3;1688959
TD_P3P_D7_CH;1688960
TD_P3P_DS3;1688961
TD_P3P_DS7_CH;1688962
TD_P3P_DSM3;1688963
TD_P3P_DSM7_CH;1688964
TD_P3P_DSN3;1688965
TD_P3P_DSN7_CH;1688966
TD_P4_D3;1688967
TD_P4_D7_CH;1688968
TD_P51_AZ3;1688969
TD_P51_AZ7_CH;1688970
TD_P51_C33;1688971
TD_P51_C37_CH;1688972
TD_P51_C43;1688973
TD_P51_C47_CH;1688974
TD_P51_C53;1688975
CONTRICH_DINTF_D_PIB;1688976
TC_D1_C43;1688977
CONTRICH_DINTFHS_D_PIB;1688978
CONTRICH_P31G_D_PIB;1688979
CONTRICH_P32G_D_PIB;1688980
CONTRICH_P3M_D_PIB;1688981
CONTRICH_P3P_D_PIB;1688982
CONTRICH_P4_D_PIB;1688983
CONTRICH_P51_D_PIB;1688984
CONTRICH_P51B_D_PIB;1688985
CONTRICH_P51G_D_PIB;1688986
CONTRICH_P51M_D_PIB;1688987
CONTRICH_P51P_D_PIB;1688988
CONTRICH_P51S_D_PIB;1688989
CONTRICH_P54_D_PIB;1688991
CONTRICH_P6_D_PIB;1688992
CONTRICH_P7_D_PIB;1688993
CONTRICH_SOLDE_D_PIB;1688994
TC_D1_AZ3;1688996
TC_D1_C13;1688997
TC_D1_C23;1688998
TC_D1_C33;1688999
TC_D99P_S12R3;1689000
TC_D99R_S12R3;1689001
TC_D99P_S13R3;1689002
TC_D99R_S13R3;1689003
TC_D99P_S14R3;1689004
TC_D99R_S14R3;1689005
TC_D99P_S15R3;1689006
TC_D99R_S15R3;1689007
TC_D99P_S2R3;1689008
TC_D99R_S2R3;1689009
TC_EMPNS_AZ1;1689010
TC_EMPNS_AZ7;1689011
TC_EMPNS_C11;1689012
TC_EMPNS_C17;1689013
TC_EMPNS_C21;1689014
TC_EMPNS_C27;1689015
TC_EMPNS_C31;1689016
TC_EMPNS_C37;1689017
TC_EMPNS_C41;1689018
TC_EMPNS_C47;1689019
TC_EMPNS_C51;1689020
TC_EMPNS_C57;1689021
TC_EMPNS_DE1;1689022
TC_EMPNS_DE7;1689023
TC_EMPNS_FZ1;1689024
TC_EMPNS_FZ7;1689025
TD_D319_FZ1;1689026
TD_D319_FZ3;1689027
TD_D319_HZ1;1689028
TD_D319_HZ3;1689029
TD_D319_IZ1;1689030
TD_D319_IZ3;1689031
TD_D319_KZ1;1689032
TD_D319_KZ3;1689033
TD_D319_MN1;1689034
TD_D319_MN3;1689035
TD_D319_OQ1;1689036
TD_D319_OQ3;1689037
TD_D319_RU1;1689038
TD_D319_RU3;1689039
TD_D319_D3;1689040
TD_D319_D7_CH;1689041
TD_D319_DB3;1689042
TD_D319_DB7_CH;1689043
TD_D319_DI3;1689044
TD_D319_DI7_CH;1689045
TD_D319_DIM3;1689046
TD_D319_DIM7_CH;1689047
TD_D319_DS1;1689048
TD_D319_DS3;1689049
TD_D319_DSM1;1689050
TD_D319_DSM3;1689051
TD_D319_DSN1;1689052
TD_D319_DSN3;1689053
TD_P51_C57_CH;1689054
TD_P51_FZ3;1689055
TD_P51_FZ7_CH;1689056
TD_P51_JZ3;1689057
TD_P51_JZ7_CH;1689058
TD_P51_LZ3;1689059
TD_P51_LZ7_CH;1689060
TD_P51_MN3;1689061
TD_P51_MN7_CH;1689062
TD_P51_RU3;1689063
TD_P51_RU7_CH;1689064
TD_P51_D3;1689065
TD_P51_D7_CH;1689066
TD_P51_DB3;1689067
TD_P51_DB7_CH;1689068
TD_P51_DI3;1689069
TD_P51_DI7_CH;1689070
TD_P51_DIM3;1689071
TD_P51_DIM7_CH;1689072
TD_P51_DS3;1689073
TD_P51_DS7_CH;1689074
TD_P51_DSM3;1689075
TD_P51_DSM7_CH;1689076
TD_P51B_C33;1689077
TD_P51B_C37_CH;1689078
TC_D1_C53;1689079
TC_D1_DE3;1689080
TC_D1_FZ3;1689081
TC_D1_GZ3;1689082
TC_D1_HZ3;1689083
TC_D1_IZ3;1689084
TC_D1_JZ3;1689085
TC_D1_KZ3;1689086
TC_D1_LZ3;1689087
TC_D1_MN3;1689088
TC_D1_OQ3;1689089
TC_D1_RU3;1689090
TC_D1_D3;1689091
TC_D1_DI3;1689092
TC_D1_DIM3;1689093
TC_D1_DS3;1689094
TC_D1_DSM3;1689095
TC_D1_DSN3;1689096
TC_D1_S11E3;1689097
TC_D1_S12E3;1689098
TC_D1_S13E3;1689099
TC_D1_S14AE3;1689100
TC_D1_S14BE3;1689101
TC_D1_S15E3;1689102
TC_D1_S1AE3;1689103
TC_D1_S1E3;1689104
TC_D1_S2AE3;1689105
TC_EMPNS_GZ1;1689106
TC_EMPNS_GZ7;1689107
TC_EMPNS_HZ1;1689108
TC_EMPNS_HZ7;1689109
TC_EMPNS_IZ1;1689110
TC_EMPNS_IZ7;1689111
TC_EMPNS_JZ1;1689112
TC_EMPNS_JZ7;1689113
TC_EMPNS_KZ1;1689114
TC_EMPNS_KZ7;1689115
TC_EMPNS_LZ1;1689116
TC_EMPNS_LZ7;1689117
TC_EMPNS_MN1;1689118
TC_EMPNS_MN7;1689119
TC_EMPNS_OQ1;1689120
TC_EMPNS_OQ7;1689121
TC_EMPNS_RU1;1689122
TC_EMPNS_RU7;1689123
TC_EMPNS_D1;1689124
TC_EMPNS_D7;1689125
TC_EMPNS_DI1;1689126
TC_EMPNS_DI7;1689127
TC_EMPNS_DIM1;1689128
TC_EMPNS_DIM7;1689129
TC_EMPNS_DS1;1689130
TC_EMPNS_DS7;1689131
TD_D319_S13R3;1689132
TD_D319_S2R3;1689133
TD_D631_S13E3;1689134
TD_D631_S14R3;1689135
TD_D631_S15E3;1689136
TD_D632_S13E3;1689137
TD_D632_S14R3;1689138
TD_P51B_C43;1689159
TD_P51B_C47_CH;1689160
TD_P51B_C53;1689161
TD_P51B_C57_CH;1689162
TD_P51B_FZ3;1689163
TD_P51B_FZ7_CH;1689164
TD_P51B_JZ3;1689165
TD_P51B_JZ7_CH;1689166
TD_P51B_LZ3;1689167
TD_P51B_LZ7_CH;1689168
TD_P51B_MN3;1689169
TD_P51B_MN7_CH;1689170
TD_P51B_RU3;1689171
TD_P51B_RU7_CH;1689172
TD_P51B_D3;1689173
TD_P51B_D7_CH;1689174
TD_P51B_DB3;1689175
TD_P51B_DB7_CH;1689176
TD_P51B_DI3;1689177
TD_P51B_DI7_CH;1689178
TD_P51B_DIM3;1689179
TD_P51B_DIM7_CH;1689180
TD_P51B_DS3;1689181
TD_P51B_DS7_CH;1689182
TD_P51B_DSM3;1689183
TD_P51B_DSM7_CH;1689184
TC_D1_SMNA3;1689185
TC_D11_AZ3;1689186
TC_D11_C13;1689187
TC_D11_C23;1689188
TC_D11_C33;1689189
TC_D11_C43;1689190
TC_D11_C53;1689191
TC_D11_DE3;1689192
TC_D11_FZ3;1689193
TC_D11_GZ3;1689194
TC_D11_HZ3;1689195
TC_D11_IZ3;1689196
TC_D11_JZ3;1689197
TC_D11_KZ3;1689198
TC_D11_LZ3;1689199
TC_D11_MN3;1689200
TC_D11_OQ3;1689201
TC_D11_RU3;1689202
TC_D11_D3;1689203
TC_D11_DI3;1689204
TC_D11_DIM3;1689205
TC_D11_DS3;1689206
TC_D11_DSM3;1689207
TC_D11_DSN3;1689208
TC_D11_S11E3;1689209
TC_D11_S12E3;1689210
TC_D11_S13E3;1689211
TC_D11_S14AE3;1689212
TC_EMPNS_DSM1;1689213
TC_EMPNS_DSM7;1689214
TC_EMPNS_DSN1;1689215
TC_EMPNS_DSN7;1689216
TC_EMPNS_S11;1689217
TC_EMPNS_S17;1689218
TC_EMPNS_S14A1;1689219
TC_EMPNS_S14A7;1689220
TC_EMPNS_SMNA1;1689221
TC_EMPNS_SMNA7;1689222
TC_EMPS_AZ1;1689223
TC_EMPS_AZ7;1689224
TC_EMPS_C11;1689225
TC_EMPS_C17;1689226
TC_EMPS_C21;1689227
TC_EMPS_C27;1689228
TC_EMPS_C31;1689229
TC_EMPS_C37;1689230
TC_EMPS_C41;1689231
TC_EMPS_C47;1689232
TC_EMPS_C51;1689233
TC_EMPS_C57;1689234
TC_EMPS_DE1;1689235
TC_EMPS_DE7;1689236
TC_EMPS_FZ1;1689237
TC_EMPS_FZ7;1689238
TD_P51G_C33;1689265
TD_P51G_C37_CH;1689266
TD_P51G_C43;1689267
TD_P51G_C47_CH;1689268
TD_P51G_C53;1689269
TD_P51G_C57_CH;1689270
TD_P51G_FZ3;1689271
TD_P51G_FZ7_CH;1689272
TD_P51G_JZ3;1689273
TD_P51G_JZ7_CH;1689274
TD_P51G_MN3;1689275
TD_P51G_MN7_CH;1689276
TD_P51G_RU3;1689277
TD_P51G_RU7_CH;1689278
TD_P51G_D3;1689279
TD_P51G_D7_CH;1689280
TD_P51G_DB3;1689281
TD_P51G_DB7_CH;1689282
TD_P51G_DI3;1689283
TD_P51G_DI7_CH;1689284
TD_P51G_DIM3;1689285
TD_P51G_DIM7_CH;1689286
TD_P51G_DS3;1689287
TD_P51G_DS7_CH;1689288
TD_P51G_DSM3;1689289
TC_D11_S14AFE3;1689290
TC_D11_S14ANFE3;1689291
TC_D11_S14BE3;1689292
TC_D11_S14R3;1689293
TC_D11_S15E3;1689294
TC_D11_S1AE3;1689295
TC_D11_S2AE3;1689296
TC_D11_S2E3;1689297
TC_D11_S2R3;1689298
TC_D11_SMNA3;1689299
TC_D121_AZ3;1689300
TC_D121_C13;1689301
TC_D121_C23;1689302
TC_D121_C33;1689303
TC_D121_C43;1689304
TC_D121_C53;1689305
TC_D121_DE3;1689306
TC_D121_FZ3;1689307
TC_D121_GZ3;1689308
TC_D121_HZ3;1689309
TC_D121_IZ3;1689310
TC_D121_JZ3;1689311
TC_D121_KZ3;1689312
TC_D121_LZ3;1689313
TC_D121_MN3;1689314
TC_D121_OQ3;1689315
TC_EMPS_GZ1;1689316
TC_EMPS_GZ7;1689317
TC_EMPS_HZ1;1689318
TC_EMPS_HZ7;1689319
TC_EMPS_IZ1;1689320
TC_EMPS_IZ7;1689321
TC_EMPS_JZ1;1689322
TC_EMPS_JZ7;1689323
TC_EMPS_KZ1;1689324
TC_EMPS_KZ7;1689325
TC_EMPS_LZ1;1689326
TC_EMPS_LZ7;1689327
TC_EMPS_MN1;1689328
TC_EMPS_MN7;1689329
TC_EMPS_OQ1;1689330
TC_EMPS_OQ7;1689331
TC_EMPS_RU1;1689332
TC_EMPS_RU7;1689333
TC_EMPS_D1;1689334
TC_EMPS_D7;1689335
TC_EMPS_DI1;1689336
TC_EMPS_DI7;1689337
TC_EMPS_DIM1;1689338
TC_EMPS_DIM7;1689339
TC_EMPS_DS1;1689340
TC_EMPS_DS7;1689341
TC_EMPS_DSM1;1689342
TD_DINTF_D3;1689345
TD_DINTF_D7_CH;1689346
TD_DINTFHS_D3;1689347
TD_DINTFHS_D7_CH;1689348
TD_MEMP_AZ3;1689349
TD_MEMP_AZ7_CH;1689350
TD_MEMP_C13;1689351
TD_MEMP_C17_CH;1689352
TD_MEMP_C23;1689353
TD_MEMP_C27_CH;1689354
TD_MEMP_C33;1689355
TD_MEMP_C37_CH;1689356
TD_MEMP_C43;1689357
TD_MEMP_C47_CH;1689358
TD_MEMP_C53;1689359
TD_MEMP_C57_CH;1689360
TD_MEMP_DE3;1689361
TD_MEMP_DE7_CH;1689362
TD_MEMP_GZ3;1689363
TD_MEMP_GZ7_CH;1689364
TD_MEMP_JZ3;1689365
TD_MEMP_JZ7_CH;1689366
TD_MEMP_DB3;1689367
TD_MEMP_DB7_CH;1689368
TD_MEMP_DI3;1689369
TD_P51G_DSM7_CH;1689370
TD_P51M_FZ3;1689371
TD_P51M_FZ7_CH;1689372
TD_P51M_LZ3;1689373
TD_P51M_LZ7_CH;1689374
TD_P51M_MN3;1689375
TD_P51M_MN7_CH;1689376
TD_P51M_D3;1689377
TD_P51M_D7_CH;1689378
TD_P51M_DS3;1689379
TD_P51M_DS7_CH;1689380
TD_P51M_DSM3;1689381
TD_P51M_DSM7_CH;1689382
TD_P51P_C33;1689383
TD_P51P_C37_CH;1689384
TD_P51P_C43;1689385
TD_P51P_C47_CH;1689386
TD_P51P_C53;1689387
TD_P51P_C57_CH;1689388
TD_P51P_FZ3;1689389
TD_P51P_FZ7_CH;1689390
TD_P51P_JZ3;1689391
TD_P51P_D7_CH;1689392
TD_P51P_JZ7_CH;1689393
TD_P51P_MN3;1689394
TD_P51P_MN7_CH;1689395
TD_P51P_D3;1689396
TC_D121_RU3;1689397
TC_D121_D3;1689398
TC_D121_DI3;1689399
TC_D121_DIM3;1689400
TC_D121_DS3;1689401
TC_D121_DSM3;1689402
TC_D121_DSN3;1689403
TC_D121_S11E3;1689404
TC_D121_S12E3;1689405
TC_D121_S13E3;1689406
TC_D121_S14AE3;1689407
TC_D121_S14AFE3;1689408
TC_D121_S14ANFE3;1689409
TC_D121_S14BE3;1689410
TC_D121_S14R3;1689411
TC_D121_S15E3;1689412
TC_D121_S1AE3;1689413
TC_D121_S2AE3;1689414
TC_D121_S2E3;1689415
TC_D121_S2R3;1689416
TC_D121_SMNA3;1689417
TC_D122_AZ3;1689418
TC_D122_C13;1689419
TC_D122_C23;1689420
TC_D122_C33;1689421
TC_EMPS_DSM7;1689422
TC_EMPS_DSN1;1689423
TC_EMPS_DSN7;1689424
TC_EMPS_S11;1689425
TC_EMPS_S17;1689426
TC_EMPS_S111;1689427
TC_EMPS_S117;1689428
TC_EMPS_S121;1689429
TC_EMPS_S127;1689430
TC_EMPS_S131;1689431
TC_EMPS_S137;1689432
TC_EMPS_S14A1;1689433
TC_EMPS_S14A7;1689434
TC_EMPS_S14B1;1689435
TC_EMPS_S14B7;1689436
TC_EMPS_S151;1689437
TC_EMPS_S157;1689438
TC_EMPS_SMNA1;1689439
TC_EMPS_SMNA7;1689440
TC_EMPT_AZ1;1689441
TC_EMPT_AZ7;1689442
TC_EMPT_C11;1689443
TC_EMPT_C17;1689444
TC_EMPT_C21;1689445
TC_EMPT_C27;1689446
TC_EMPT_C31;1689447
TD_MEMP_DI7_CH;1689448
TD_MEMP_DIM3;1689449
TD_MEMP_DIM7_CH;1689450
TD_MEMP_DS3;1689451
TD_MEMP_DS7_CH;1689452
TD_MEMP_DSM3;1689453
TD_MEMP_DSM7_CH;1689454
TD_P1_AZ3;1689455
TD_P1_AZ7_CH;1689456
TD_P1_C13;1689457
TD_P1_C17_CH;1689458
TD_P1_C23;1689459
TD_P1_C27_CH;1689460
TD_P1_C33;1689461
TD_P1_C37_CH;1689462
TD_P1_C43;1689463
TD_P1_C47_CH;1689464
TD_P1_C53;1689465
TD_P1_C57_CH;1689466
TD_P1_DE3;1689467
TD_P1_DE7_CH;1689468
TD_P1_FZ3;1689469
TD_P1_FZ7_CH;1689470
TD_P1_GZ3;1689471
TD_P1_GZ7_CH;1689472
TD_P1_HZ3;1689473
TD_P1_HZ7_CH;1689474
TD_P51P_DB3;1689475
TD_P51P_DB7_CH;1689476
TD_P51P_DI3;1689477
TD_P51P_DI7_CH;1689478
TD_P51P_DIM3;1689479
TD_P51P_DIM7_CH;1689480
TD_P51P_DS3;1689481
TD_P51P_DS7_CH;1689482
TD_P51P_DSM3;1689483
TD_P51P_DSM7_CH;1689484
TD_P51S_AZ3;1689485
TD_P51S_AZ7_CH;1689486
TD_P51S_C33;1689487
TD_P51S_C37_CH;1689488
TD_P51S_C43;1689489
TD_P51S_C47_CH;1689490
TD_P51S_C53;1689491
TD_P51S_C57_CH;1689492
TD_P51S_FZ3;1689493
TD_P51S_FZ7_CH;1689494
TD_P51S_JZ3;1689495
TD_P51S_JZ7_CH;1689496
TD_P51S_LZ3;1689497
TD_P51S_LZ7_CH;1689498
TD_P51S_MN3;1689499
TC_D122_C43;1689500
TC_D122_C53;1689501
TC_D122_DE3;1689502
TC_D122_FZ3;1689503
TC_D122_GZ3;1689504
TC_D122_HZ3;1689505
TC_D122_IZ3;1689506
TC_D122_JZ3;1689507
TC_D122_KZ3;1689508
TC_D122_LZ3;1689509
TC_D122_MN3;1689510
TC_D122_OQ3;1689511
TC_D122_RU3;1689512
TC_D122_D3;1689513
TC_D122_DI3;1689514
TC_D122_DIM3;1689515
TC_D122_DS3;1689516
TC_D122_DSM3;1689517
TC_D122_DSN3;1689518
TC_D122_S11E3;1689519
TC_D122_S12E3;1689520
TC_D122_S13E3;1689521
TC_D122_S14R3;1689522
TC_D122_S1AE3;1689523
TC_D122_S2AE3;1689524
TC_D122_SMNA3;1689525
TC_D29_AZ3;1689526
TC_EMPT_C37;1689527
TC_EMPT_C41;1689528
TC_EMPT_C47;1689529
TC_EMPT_C51;1689530
TC_EMPT_C57;1689531
TC_EMPT_DE1;1689532
TC_EMPT_DE7;1689533
TC_EMPT_FZ1;1689534
TC_EMPT_FZ7;1689535
TC_EMPT_GZ1;1689536
TC_EMPT_GZ7;1689537
TC_EMPT_HZ1;1689538
TC_EMPT_HZ7;1689539
TC_EMPT_IZ1;1689540
TC_EMPT_IZ7;1689541
TC_EMPT_JZ1;1689542
TC_EMPT_JZ7;1689543
TC_EMPT_KZ1;1689544
TC_EMPT_KZ7;1689545
TC_EMPT_LZ1;1689546
TC_EMPT_LZ7;1689547
TC_EMPT_MN1;1689548
TC_EMPT_MN7;1689549
TC_EMPT_OQ1;1689550
TC_EMPT_OQ7;1689551
TC_EMPT_RU1;1689552
TC_EMPT_RU7;1689553
TD_P1_IZ3;1689554
TD_P1_IZ7_CH;1689555
TD_P1_JZ3;1689556
TD_P1_JZ7_CH;1689557
TD_P1_KZ3;1689558
TD_P1_KZ7_CH;1689559
TD_P1_LZ3;1689560
TD_P1_LZ7_CH;1689561
TD_P1_MN3;1689562
TD_P1_MN7_CH;1689563
TD_P1_OQ3;1689564
TD_P1_OQ7_CH;1689565
TD_P1_RU3;1689566
TD_P1_RU7_CH;1689567
TD_P1_D3;1689568
TD_P1_D7_CH;1689569
TD_P1_DB3;1689570
TD_P1_DB7_CH;1689571
TD_P1_DI3;1689572
TD_P1_DI7_CH;1689573
TD_P1_DIM3;1689574
TD_P1_DIM7_CH;1689575
TD_P1_DS3;1689576
TD_P1_DS7_CH;1689577
TD_P1_DSM3;1689578
TD_P1_DSM7_CH;1689579
TD_P1_DSN3;1689580
TD_P51S_MN7_CH;1689581
TD_P51S_RU3;1689582
TD_P51S_RU7_CH;1689583
TD_P51S_D3;1689584
TD_P51S_D7_CH;1689585
TD_P51S_DB3;1689586
TD_P51S_DB7_CH;1689587
TD_P51S_DI3;1689588
TD_P51S_DI7_CH;1689589
TD_P51S_DIM3;1689590
TD_P51S_DIM7_CH;1689591
TD_P51S_DS3;1689592
TD_P51S_DS7_CH;1689593
TD_P51S_DSM3;1689594
TD_P51S_DSM7_CH;1689595
TD_P51T_S11E3;1689596
TD_P51T_S12E3;1689597
TD_P51T_S13E3;1689598
TD_P51T_S14E3;1689599
TD_P51T_S15E3;1689600
TD_P52_AZ3;1689601
TD_P52_C13;1689602
TD_P52_C23;1689603
TD_P52_C33;1689604
TD_P52_C43;1689605
TD_P52_C53;1689606
TC_D29_C13;1689607
TC_D29_C23;1689608
TC_D29_C33;1689609
TC_D29_C43;1689610
TC_D29_C53;1689611
TC_D29_DE3;1689612
TC_D29_FZ3;1689613
TC_D29_GZ3;1689614
TC_D29_HZ3;1689615
TC_D29_IZ3;1689616
TC_D29_JZ3;1689617
TC_D29_KZ3;1689618
TC_D29_LZ3;1689619
TC_D29_MN3;1689620
TC_D29_OQ3;1689621
TC_D29_RU3;1689622
TC_D29_D3;1689623
TC_D29_DI3;1689624
TC_D29_DIM3;1689625
TC_D29_DS3;1689626
TC_D29_DSM3;1689627
TC_D29_DSN3;1689628
TC_D29_S11E3;1689629
TC_D29_S12E3;1689630
TC_D29_S13E3;1689631
TC_D29_S14AE3;1689633
TC_D29_S14BE3;1689634
TC_EMPT_D1;1689635
TC_EMPT_D7;1689636
TC_EMPT_DI1;1689637
TC_EMPT_DI7;1689638
TC_EMPT_DIM1;1689639
TC_EMPT_DIM7;1689640
TC_EMPT_DS1;1689641
TC_EMPT_DS7;1689642
TC_EMPT_DSM1;1689643
TC_EMPT_DSM7;1689644
TC_EMPT_DSN1;1689645
TC_EMPT_DSN7;1689646
TC_EMPT_SMNA1;1689647
TC_EMPT_SMNA7;1689648
TD_B1_AZ3;1689654
TD_B1_AZ7_CH;1689655
TD_B1_C13;1689656
TD_B1_C17_CH;1689657
TD_B1_C23;1689658
TD_B1_C27_CH;1689659
TD_B1_C33;1689660
TD_P1_DSN7_CH;1689661
TD_P1E_AZ3;1689662
TD_P1E_AZ7_CH;1689663
TD_P1E_C13;1689664
TD_P1E_C17_CH;1689665
TD_P1E_C23;1689666
TD_P1E_C27_CH;1689667
TD_P1E_C33;1689668
TD_P1E_C37_CH;1689669
TD_P1E_C43;1689670
TD_P1E_C47_CH;1689671
TD_P1E_C53;1689672
TD_P1E_C57_CH;1689673
TD_P1E_DE3;1689674
TD_P1E_DE7_CH;1689675
TD_P1E_FZ3;1689676
TD_P1E_FZ7_CH;1689677
TD_P1E_GZ3;1689678
TD_P1E_GZ7_CH;1689679
TD_P1E_HZ3;1689680
TD_P1E_HZ7_CH;1689681
TD_P1E_IZ3;1689682
TD_P1E_IZ7_CH;1689683
TD_P1E_JZ3;1689684
TD_P1E_JZ7_CH;1689685
TD_P1E_KZ3;1689686
TD_P1E_KZ7_CH;1689687
TD_P52_DE3;1689688
TD_P52_FZ3;1689689
TD_P52_JZ3;1689690
TD_P52_MN3;1689691
TD_P52_RU3;1689692
TD_P52_D3;1689693
TD_P52_DB3;1689694
TD_P52_DI3;1689695
TD_P52_DIM3;1689696
TD_P52_DS3;1689697
TD_P52_DSM3;1689698
TD_P52_S11E3;1689699
TD_P52_S13E3;1689700
TD_P52_S14E3;1689701
TD_P53_C53;1689702
TD_P53_D3;1689703
TD_P53_DB3;1689704
TD_P53_DI3;1689705
TD_P53_DIM3;1689706
TD_P53_S14E3;1689707
TD_P54_AZ3;1689708
TD_P54_C13;1689709
TD_P54_C23;1689710
TD_P54_C33;1689711
TD_P54_C43;1689712
TD_P54_C53;1689713
TC_D29_S15E3;1689714
TC_D29_S1E3;1689715
TC_D29_SMNA3;1689716
TC_D291_AZ3;1689717
TC_D291_C13;1689718
TC_D291_C23;1689719
TC_D291_C33;1689720
TC_D291_C43;1689721
TC_D291_C53;1689722
TC_D291_DE3;1689723
TC_D291_FZ3;1689724
TC_D291_GZ3;1689725
TC_D291_HZ3;1689726
TC_D291_IZ3;1689727
TC_D291_JZ3;1689728
TC_D291_KZ3;1689729
TC_D291_LZ3;1689730
TC_D291_MN3;1689731
TC_D291_OQ3;1689732
TC_D291_RU3;1689733
TC_D291_D3;1689734
TC_D291_DI3;1689735
TC_D291_DIM3;1689736
TC_D291_DS3;1689737
TC_D291_DSM3;1689738
TC_D291_DSN3;1689739
TC_D291_S11E3;1689740
TD_B1_C37_CH;1689741
TD_B1_C43;1689742
TD_B1_C47_CH;1689743
TD_B1_C53;1689744
TD_B1_C57_CH;1689745
TD_B1_DE3;1689746
TD_B1_DE7_CH;1689747
TD_B1_FZ3;1689748
TD_B1_FZ7_CH;1689749
TD_B1_GZ3;1689750
TD_B1_GZ7_CH;1689751
TD_B1_HZ3;1689752
TD_B1_HZ7_CH;1689753
TD_B1_IZ3;1689754
TD_B1_IZ7_CH;1689755
TD_B1_JZ3;1689756
TD_B1_JZ7_CH;1689757
TD_B1_KZ3;1689758
TD_B1_KZ7_CH;1689759
TD_B1_LZ3;1689760
TD_B1_LZ7_CH;1689761
TD_B1_MN3;1689762
TD_B1_MN7_CH;1689763
TD_B1_OQ3;1689764
TD_B1_OQ7_CH;1689765
TD_B1_RU3;1689766
TD_P1E_LZ3;1689767
TD_P1E_LZ7_CH;1689768
TD_P1E_MN3;1689769
TD_P1E_MN7_CH;1689770
TD_P1E_OQ3;1689771
TD_P1E_OQ7_CH;1689772
TD_P1E_RU3;1689773
TD_P1E_RU7_CH;1689774
TD_P1E_D3;1689775
TD_P1E_D7_CH;1689776
TD_P1E_DI3;1689777
TD_P1E_DI7_CH;1689778
TD_P1E_DIM3;1689779
TD_P1E_DIM7_CH;1689780
TD_P1E_DS3;1689781
TD_P1E_DS7_CH;1689782
TD_P1E_DSM3;1689783
TD_P1E_DSM7_CH;1689784
TD_P1E_DSN3;1689785
TD_P1E_DSN7_CH;1689786
TD_P1E_S11R3;1689787
TD_P1E_S12R3;1689788
TD_P1E_S13R3;1689789
TD_P1E_S14AFR3;1689790
TD_P1E_S14ANFR3;1689791
TD_P1E_S14AR3;1689792
TD_P1E_S14BR3;1689793
TD_P54_DE3;1689794
TD_P54_FZ3;1689795
TD_P54_JZ3;1689797
TD_P54_MN3;1689798
TD_P54_RU3;1689799
TD_P54_D3;1689800
TD_P54_DB3;1689801
TD_P54_DI3;1689802
TD_P54_DIM3;1689803
TD_P54_DS3;1689804
TD_P54_DSM3;1689805
TD_P6_AZ3;1689806
TD_P6_AZ7_CH;1689807
TD_P6_C13;1689808
TD_P6_C17_CH;1689809
TD_P6_C23;1689810
TD_P6_C27_CH;1689811
TD_P6_C33;1689812
TD_P6_C37_CH;1689813
TD_P6_C43;1689814
TD_P6_C47_CH;1689815
TD_P6_C53;1689816
TD_P6_C57_CH;1689817
TD_P6_DE3;1689818
TD_P6_DE7_CH;1689819
TC_D291_S12E3;1689820
TC_D291_S13E3;1689821
TC_D291_S13R3;1689822
TC_D291_S14AE3;1689823
TC_D291_S14AFE3;1689824
TC_D291_S14ANFE3;1689825
TC_D291_S14BE3;1689826
TC_D291_S15E3;1689827
TC_D291_S1AE3;1689828
TC_D291_S2AE3;1689829
TC_D291_SMNA3;1689830
TC_D292_AZ3;1689831
TC_D292_C13;1689832
TC_D292_C23;1689833
TC_D292_C33;1689834
TC_D292_C43;1689835
TC_D292_C53;1689836
TC_D292_DE3;1689837
TC_D292_FZ3;1689838
TC_D292_GZ3;1689839
TC_D292_HZ3;1689840
TC_D292_IZ3;1689841
TC_D292_JZ3;1689842
TC_D292_KZ3;1689843
TC_D292_LZ3;1689844
TD_B1_RU7_CH;1689845
TD_B1_D3;1689846
TD_B1_D7_CH;1689847
TD_B1_DI3;1689848
TD_B1_DI7_CH;1689849
TD_B1_DIM3;1689850
TD_B1_DIM7_CH;1689851
TD_B1_DS3;1689852
TD_B1_DS7_CH;1689853
TD_B1_DSM3;1689854
TD_B1_DSM7_CH;1689855
TD_B1_DSN3;1689856
TD_B1_DSN7_CH;1689857
TD_B1_S13;1689858
TD_B1_S113;1689859
TD_B1_S123;1689860
TD_B1_S133;1689861
TD_B1_S14A3;1689862
TD_B1_S14AF3;1689863
TD_B1_S14ANF3;1689864
TD_B1_S14B3;1689865
TD_B1_S153;1689866
TD_B1_S1A3;1689867
TD_B1_S2A3;1689868
TD_B1_SMNA3;1689869
TD_B1_SMNA7_CH;1689870
TD_P1E_S15R3;1689872
TD_P1E_SMNA3;1689873
TD_P1E_SMNA7_CH;1689874
TD_P2_AZ3;1689875
TD_P2_AZ7_CH;1689876
TD_P2_C13;1689877
TD_P2_C17_CH;1689878
TD_P2_C23;1689879
TD_P2_C27_CH;1689880
TD_P2_C33;1689881
TD_P2_C37_CH;1689882
TD_P2_C43;1689883
TD_P2_C47_CH;1689884
TD_P2_C53;1689885
TD_P2_C57_CH;1689886
TD_P2_DE3;1689887
TD_P2_DE7_CH;1689888
TD_P2_FZ3;1689889
TD_P2_FZ7_CH;1689890
TD_P2_GZ3;1689891
TD_P2_GZ7_CH;1689892
TD_P2_HZ3;1689893
TD_P2_HZ7_CH;1689894
TD_P2_IZ3;1689895
TD_P2_IZ7_CH;1689896
TD_P2_JZ3;1689897
TD_P2_JZ7_CH;1689898
TD_P6_GZ3;1689899
TD_P6_GZ7_CH;1689900
TD_P6_HZ3;1689901
TD_P6_HZ7_CH;1689902
TD_P6_JZ3;1689903
TD_P6_JZ7_CH;1689904
TD_P6_KZ3;1689905
TD_P6_KZ7_CH;1689906
TD_P6_MN3;1689907
TD_P6_MN7_CH;1689908
TD_P6_OQ3;1689909
TD_P6_OQ7_CH;1689910
TD_P6_RU3;1689911
TD_P6_RU7_CH;1689912
TD_P6_D3;1689913
TD_P6_D7_CH;1689914
TD_P6_DB3;1689915
TD_P6_DB7_CH;1689916
TD_P6_DI3;1689917
TD_P6_DI7_CH;1689918
TD_P6_DIM3;1689919
TD_P6_DIM7_CH;1689920
TD_P6_DS3;1689921
TD_P6_DS7_CH;1689922
TD_P6_DSM3;1689923
TD_P6_DSM7_CH;1689924
TD_P6_DSN3;1689925
TD_P6_DSN7_CH;1689926
TC_D292_MN3;1689927
TC_D292_OQ3;1689928
TC_D292_RU3;1689929
TC_D292_D3;1689930
TC_D292_DI3;1689931
TC_D292_DIM3;1689932
TC_D292_DS3;1689933
TC_D292_DSM3;1689934
TC_D292_DSN3;1689935
TC_D292_S11E3;1689936
TC_D292_S12E3;1689937
TC_D292_S13E3;1689938
TC_D292_S13R3;1689939
TC_D292_S14AE3;1689940
TC_D292_S14ANFE3;1689941
TC_D292_S14BE3;1689942
TC_D292_S15E3;1689943
TC_D292_S1AE3;1689944
TC_D292_S2AE3;1689945
TC_D292_SMNA3;1689946
TC_D39_AZ3;1689947
TC_D39_C13;1689948
TC_D39_C23;1689949
TC_D39_C33;1689950
TC_D39_C43;1689951
TC_D39_C53;1689952
TD_B2_AZ3;1689953
TD_B2_C13;1689954
TD_B2_C23;1689955
TD_B2_C33;1689956
TD_B2_C43;1689957
TD_B2_C53;1689958
TD_B2_DE3;1689959
TD_B2_FZ3;1689960
TD_B2_GZ3;1689961
TD_B2_HZ3;1689962
TD_B2_IZ3;1689963
TD_B2_JZ3;1689964
TD_B2_KZ3;1689965
TD_B2_LZ3;1689966
TD_B2_MN3;1689967
TD_B2_OQ3;1689968
TD_B2_RU3;1689969
TD_B2_D3;1689970
TD_B2_DI3;1689971
TD_B2_DIM3;1689972
TD_B2_DS3;1689973
TD_B2_DSM3;1689974
TD_B2_DSN3;1689975
TD_B2_S13;1689976
TD_B2_S113;1689977
TD_B2_S123;1689978
TD_B2_S133;1689979
TD_P2_KZ3;1689980
TD_P2_KZ7_CH;1689981
TD_P2_LZ3;1689982
TD_P2_LZ7_CH;1689983
TD_P2_MN3;1689984
TD_P2_MN7_CH;1689985
TD_P2_OQ3;1689986
TD_P2_OQ7_CH;1689987
TD_P2_RU3;1689988
TD_P2_RU7_CH;1689989
TD_P2_D3;1689990
TD_P2_D7_CH;1689991
TD_P2_DB3;1689992
TD_P2_DB7_CH;1689993
TD_P2_DI3;1689994
TD_P2_DI7_CH;1689995
TD_P2_DIM3;1689996
TD_P2_DIM7_CH;1689997
TD_P2_DS3;1689998
TD_P2_DS7_CH;1689999
TD_P2_DSM3;1690000
TD_P2_DSM7_CH;1690001
TD_P2_DSN3;1690002
TD_P2_DSN7_CH;1690003
TD_P2E_AZ3;1690004
TD_P2E_AZ7_CH;1690005
TD_P2E_C13;1690006
TD_P6_PCHTR3;1690007
TD_P6_PCHTR7_CH;1690008
TD_P7_AZ3;1690009
TD_P7_AZ7_CH;1690010
TD_P7_C13;1690011
TD_P7_C17_CH;1690012
TD_P7_C23;1690013
TD_P7_C27_CH;1690014
TD_P7_C33;1690015
TD_P7_C37_CH;1690016
TD_P7_C43;1690017
TD_P7_C47_CH;1690018
TD_P7_C53;1690019
TD_P7_C57_CH;1690020
TD_P7_DE3;1690021
TD_P7_DE7_CH;1690022
TD_P7_GZ3;1690023
TD_P7_GZ7_CH;1690024
TD_P7_HZ3;1690025
TD_P7_HZ7_CH;1690026
TD_P7_JZ3;1690027
TD_P7_JZ7_CH;1690028
TD_P7_KZ3;1690029
TD_P7_KZ7_CH;1690030
TD_P7_MN3;1690031
TD_P7_MN7_CH;1690032
TD_P7_OQ3;1690033
TC_D39_DE3;1690034
TC_D39_FZ3;1690035
TC_D39_GZ3;1690036
TC_D39_HZ3;1690037
TC_D39_IZ3;1690038
TC_D39_JZ3;1690039
TC_D39_KZ3;1690040
TC_D39_LZ3;1690041
TC_D39_MN3;1690042
TC_D39_OQ3;1690043
TC_D39_RU3;1690044
TC_D39_D3;1690045
TC_D39_DI3;1690046
TC_D39_DIM3;1690047
TC_D39_DS3;1690048
TC_D39_DSM3;1690049
TC_D39_DSN3;1690050
TC_D39_S11E3;1690051
TC_D39_S12E3;1690052
TC_D39_S13E3;1690053
TC_D39_S13R3;1690054
TC_D39_S14AE3;1690055
TC_D39_S14ANFE3;1690056
TC_D39_S14BE3;1690057
TC_D39_S15E3;1690058
TC_D39_S1AE3;1690059
TC_D39_S1E3;1690060
TD_B2_S14A3;1690061
TD_B2_S14AF3;1690062
TD_B2_S14ANF3;1690063
TD_B2_S14B3;1690064
TD_B2_S153;1690065
TD_B2_S1A3;1690066
TD_B2_S2A3;1690067
TD_B2_SMNA3;1690068
TD_B6_S113;1690069
TD_B6_S123;1690070
TD_B6_S133;1690071
TD_B6_S143;1690072
TD_B6_S153;1690073
TD_B7_S123;1690074
TD_B7_S133;1690075
TD_B7_S143;1690076
TD_B7_S153;1690077
TD_B8_S113;1690078
TD_B8_S123;1690079
TD_B8_S133;1690080
TD_B8_S143;1690081
TD_B8_S153;1690082
TD_B9NF_S113;1690083
TD_B9NF_S123;1690084
TD_B9NF_S133;1690085
TD_B9NF_S143;1690086
TD_P2E_C17_CH;1690087
TD_P2E_C23;1690088
TD_P2E_C27_CH;1690089
TD_P2E_C33;1690090
TD_P2E_C37_CH;1690091
TD_P2E_C43;1690092
TD_P2E_C47_CH;1690093
TD_P2E_C53;1690094
TD_P2E_C57_CH;1690095
TD_P2E_DE3;1690096
TD_P2E_DE7_CH;1690097
TD_P2E_FZ3;1690098
TD_P2E_FZ7_CH;1690099
TD_P2E_GZ3;1690100
TD_P2E_GZ7_CH;1690101
TD_P2E_HZ3;1690102
TD_P2E_HZ7_CH;1690103
TD_P2E_IZ3;1690104
TD_P2E_IZ7_CH;1690105
TD_P2E_JZ3;1690106
TD_P2E_JZ7_CH;1690107
TD_P2E_KZ3;1690108
TD_P2E_KZ7_CH;1690109
TD_P2E_LZ3;1690110
TD_P2E_LZ7_CH;1690111
TD_P7_OQ7_CH;1690112
TD_P7_RU3;1690113
TD_P7_RU7_CH;1690114
TD_P7_D3;1690115
TD_P7_D7_CH;1690116
TD_P7_DB3;1690117
TD_P7_DB7_CH;1690118
TD_P7_DI3;1690119
TD_P7_DI7_CH;1690120
TD_P7_DIM3;1690121
TD_P7_DIM7_CH;1690122
TD_P7_DS3;1690123
TD_P7_DS7_CH;1690124
TD_P7_DSM3;1690125
TD_P7_DSM7_CH;1690126
TD_P7_DSN3;1690127
TD_P7_DSN7_CH;1690128
TD_P7_PCAFAB3;1690129
TD_P7_PCAFAB7_CH;1690130
TD_P7_PCHTR3;1690131
TD_P7_PCHTR7_CH;1690132
TD_P73_DS3;1690133
TD_P73_DS7_CH;1690134
TD_P73_DSM3;1690135
TD_P73_DSM7_CH;1690136
TC_D39_S2AE3;1690140
TC_D39_S2R3;1690141
TC_D39_SMNA3;1690142
TC_D41_S11E3;1690143
TC_D41_S11R3;1690144
TC_D41_S12E3;1690145
TC_D41_S12R3;1690146
TC_D41_S13E3;1690147
TC_D41_S13R3;1690148
TC_D41_S14E3;1690149
TC_D41_S14R3;1690150
TC_D41_S15E3;1690151
TC_D41_S15R3;1690152
TC_D41_S2E3;1690153
TC_D41_S2R3;1690154
TC_D42_S11E3;1690155
TC_D42_S11R3;1690156
TC_D42_S12E3;1690157
TC_D42_S12R3;1690158
TC_D42_S13R3;1690159
TC_D42_S14R3;1690160
TC_D42_S2E3;1690161
TC_D42_S2R3;1690162
TC_D43_S11E3;1690163
TC_D43_S11R3;1690164
TC_D43_S12E3;1690165
TC_D43_S12R3;1690166
TD_B9NF_S153;1690167
TD_B9NF_S23;1690168
TD_D211_AZ3;1690169
TD_D211_AZ7_CH;1690170
TD_D211_C13;1690171
TD_D211_C17_CH;1690172
TD_D211_C23;1690173
TD_D211_C27_CH;1690174
TD_D211_C33;1690175
TD_D211_C37_CH;1690176
TD_D211_C43;1690177
TD_D211_C47_CH;1690178
TD_D211_C53;1690179
TD_D211_C57_CH;1690180
TD_D211_DE3;1690181
TD_D211_DE7_CH;1690182
TD_D211_FZ3;1690183
TD_D211_FZ7_CH;1690184
TD_D211_GZ3;1690185
TD_D211_GZ7_CH;1690186
TD_D211_HZ3;1690187
TD_D211_HZ7_CH;1690188
TD_D211_IZ3;1690189
TD_D211_IZ7_CH;1690190
TD_D211_JZ3;1690191
TD_D211_JZ7_CH;1690192
TD_D211_KZ3;1690193
TD_D211_KZ7_CH;1690194
TD_P2E_MN3;1690195
TD_P2E_MN7_CH;1690196
TD_P2E_OQ3;1690197
TD_P2E_OQ7_CH;1690198
TD_P2E_RU3;1690199
TD_P2E_RU7_CH;1690200
TD_P2E_D3;1690201
TD_P2E_D7_CH;1690202
TD_P2E_DI3;1690203
TD_P2E_DI7_CH;1690204
TD_P2E_DIM3;1690205
TD_P2E_DIM7_CH;1690206
TD_P2E_DS3;1690207
TD_P2E_DS7_CH;1690208
TD_P2E_DSM3;1690209
TD_P2E_DSM7_CH;1690210
TD_P2E_DSN3;1690211
TD_P2E_DSN7_CH;1690212
TD_P2E_S11E3;1690213
TD_P2E_S12E3;1690214
TD_P2E_S13E3;1690215
TD_P2E_S14AE3;1690216
TD_P2E_S14AFE3;1690217
TD_P2E_S14ANFE3;1690218
TD_P2E_S14BE3;1690219
TD_P73_PCAFAB3;1690221
TD_P73_PCAFAB7_CH;1690222
TD_PIB3;1690223
TD_PIB7_CH;1690224
TD_SOLDE_D3;1690225
TD_TEMP_AZ3;1690226
TD_TEMP_AZ7_CH;1690227
TD_TEMP_C13;1690228
TD_TEMP_C17_CH;1690229
TD_TEMP_C23;1690230
TD_TEMP_C27_CH;1690231
TD_TEMP_C33;1690232
TD_TEMP_C37_CH;1690233
TD_TEMP_C43;1690234
TD_TEMP_C47_CH;1690235
TD_TEMP_C53;1690236
TD_TEMP_C57_CH;1690237
TD_TEMP_DE3;1690238
TD_TEMP_DE7_CH;1690239
TD_TEMP_HZ3;1690240
TD_TEMP_HZ7_CH;1690241
TD_TEMP_JZ3;1690242
TD_TEMP_JZ7_CH;1690243
TD_TEMP_DB3;1690244
TD_TEMP_DB7_CH;1690245
TD_TEMP_DI3;1690246
TC_D43_S2E3;1690247
TC_D43_S2R3;1690248
TC_D44_S11R3;1690249
TC_D44_S12E3;1690250
TC_D44_S12R3;1690251
TC_D44_S13R3;1690252
TC_D44_S14R3;1690253
TC_D44_S15R3;1690254
TC_D44_S2R3;1690255
TC_D45_S11E3;1690256
TC_D45_S11R3;1690257
TC_D45_S13E3;1690258
TC_D45_S13R3;1690259
TC_D45_S14E3;1690260
TC_D45_S14R3;1690261
TC_D51_S11E3;1690262
TC_D51_S12E3;1690263
TC_D51_S13E3;1690264
TC_D51_S13R3;1690265
TC_D51_S14E3;1690266
TC_D51_S2E3;1690267
TC_D59_S13R3;1690268
TC_D59_S14E3;1690269
TC_D611Z_S12R3;1690270
TC_D611Z_S13R3;1690271
TD_D211_LZ3;1690272
TD_D211_LZ7_CH;1690273
TD_D211_MN3;1690274
TD_D211_MN7_CH;1690275
TD_D211_OQ3;1690276
TD_D211_OQ7_CH;1690277
TD_D211_RU3;1690278
TD_D211_RU7_CH;1690279
TD_D211_D3;1690280
TD_D211_D7_CH;1690281
TD_D211_DB3;1690282
TD_D211_DB7_CH;1690283
TD_D211_DI3;1690284
TD_D211_DI7_CH;1690285
TD_D211_DIM3;1690286
TD_D211_DIM7_CH;1690287
TD_D211_DS3;1690288
TD_D211_DS7_CH;1690289
TD_D211_DSM3;1690290
TD_D211_DSM7_CH;1690291
TD_D211_DSN3;1690292
TD_D211_DSN7_CH;1690293
TD_D211_S13R3;1690294
TD_D212_AZ3;1690296
TD_D212_AZ7_CH;1690297
TD_D212_C13;1690298
TD_D212_C17_CH;1690299
TD_P2E_S15E3;1690300
TD_P2E_SMNA3;1690301
TD_P2E_SMNA7_CH;1690302
TD_P31G_C13;1690303
TD_P31G_C17_CH;1690304
TD_P31G_C33;1690305
TD_P31G_C37_CH;1690306
TD_P31G_C43;1690307
TD_P31G_C47_CH;1690308
TD_P31G_C53;1690309
TD_P31G_C57_CH;1690310
TD_P31G_HZ3;1690311
TD_P31G_HZ7_CH;1690312
TD_P31G_IZ3;1690313
TD_P31G_IZ7_CH;1690314
TD_P31G_JZ3;1690315
TD_P31G_JZ7_CH;1690316
TD_P31G_LZ3;1690317
TD_P31G_LZ7_CH;1690318
TD_P31G_MN3;1690319
TD_P31G_MN7_CH;1690320
TD_P31G_OQ3;1690321
TD_P31G_OQ7_CH;1690322
TD_P31G_RU3;1690323
TC_D44_S2E3;1690337
TCHO;1688526
TCHO_METRO;1688527
TUC;1711023
